[
    {
        "name": "homepageUrl",
        "type": "string",
        "required": false,
        "description": "The url of the homepage. Defaults to /"
    },
    {
        "name": "assetsPath",
        "type": "string",
        "required": false,
        "description": "The public path for the assets folder. If not provided it defaults to /assets/images"
    },
    {
        "name": "productName",
        "type": "string",
        "required": false,
        "description": "Product name, used when the product name follows on directly from ‘GOV.UK’. For example, GOV.UK Pay or GOV.UK Design System. In most circumstances, you should use serviceName."
    },
    {
        "name": "serviceName",
        "type": "string",
        "required": false,
        "description": "The name of your service, included in the header."
    },
    {
        "name": "serviceUrl",
        "type": "string",
        "required": false,
        "description": "Url for the service name anchor."
    },
    {
        "name": "navigation",
        "type": "array",
        "required": false,
        "description": "An array of navigation item objects.",
        "params": [
            {
                "name": "text",
                "type": "string",
                "required": false,
                "description": "Text of the navigation item."
            },
            {
                "name": "href",
                "type": "string",
                "required": false,
                "description": "Url of the navigation item anchor. Both `href` and `text` attributes for navigation items need to be provided to create an item."
            },
            {
                "name": "active",
                "type": "boolean",
                "required": false,
                "description": "Flag to mark the navigation item as active or not."
            },
            {
                "name": "attributes",
                "type": "object",
                "required": false,
                "description": "HTML attributes (for example data attributes) to add to the navigation item anchor."
            }
        ]
    },
    {
        "name": "navigationClasses",
        "type": "string",
        "required": false,
        "description": "Classes for the navigation section of the header."
    },
    {
        "name": "containerClasses",
        "type": "string",
        "required": false,
        "description": "Classes for the container, useful if you want to make the header fixed width."
    },
    {
        "name": "classes",
        "type": "string",
        "required": false,
        "description": "Classes to add to the header container."
    },
    {
        "name": "attributes",
        "type": "object",
        "required": false,
        "description": "HTML attributes (for example data attributes) to add to the header container."
    }
]