[
    {
        "name": "text",
        "type": "string",
        "required": true,
        "description": "If `html` is set, this is not required. Text to use within the skip link component. If `html` is provided, the `text` argument will be ignored."
    },
    {
        "name": "html",
        "type": "string",
        "required": true,
        "description": "If `text` is set, this is not required. HTML to use within the skip link component. If `html` is provided, the `text` argument will be ignored."
    },
    {
        "name": "href",
        "type": "string",
        "required": true,
        "description": "The value of the skip link href attribute. Defaults to"
    },
    {
        "name": "classes",
        "type": "string",
        "required": false,
        "description": "Classes to add to the skip link."
    },
    {
        "name": "attributes",
        "type": "object",
        "required": false,
        "description": "HTML attributes (for example data attributes) to add to the skip link."
    }
]